{"cameraMode":{"drawMode":0,"name":"Shaded","section":"Shading Mode"},"sceneLighting":true,"audioPlay":false,"sceneViewState":{"showFog":false,"showMaterialUpdate":false,"showSkybox":true,"showFlares":false,"showImageEffects":false,"showParticleSystems":false},"in2DMode":false,"pivot":{"x":0.12209951877593994,"y":1.2155022621154786,"z":1.4258666038513184},"rotation":{"x":0.2800455093383789,"y":0.09595689922571182,"z":-0.028212303295731546,"w":0.9547922611236572},"size":4.17747163772583,"orthographic":false}