{"cameraMode":{"drawMode":0,"name":"Shaded","section":"Shading Mode"},"sceneLighting":false,"audioPlay":false,"sceneViewState":{"showFog":false,"showMaterialUpdate":false,"showSkybox":false,"showFlares":false,"showImageEffects":false,"showParticleSystems":false},"in2DMode":false,"pivot":{"x":0.679624617099762,"y":7.429008483886719,"z":-10.448594093322754},"rotation":{"x":0.3248290717601776,"y":-0.26487407088279726,"z":0.09521989524364472,"w":0.9029488563537598},"size":4.17747163772583,"orthographic":false}