{"cameraMode":{"drawMode":0,"name":"Shaded","section":"Shading Mode"},"sceneLighting":true,"audioPlay":false,"sceneViewState":{"showFog":false,"showMaterialUpdate":false,"showSkybox":true,"showFlares":false,"showImageEffects":false,"showParticleSystems":false},"in2DMode":false,"pivot":{"x":-5.85743522644043,"y":0.6963109970092773,"z":0.8534550666809082},"rotation":{"x":-0.1615520566701889,"y":0.4418472945690155,"z":-0.08120418339967728,"w":-0.878705620765686},"size":7.421714782714844,"orthographic":false}